timestamp,agentId,kpiName,value,unit,context
2025-05-25T12:42:55.484Z,SYSTEM,ScenarioStart,1,event,"{""scenarioName"":""SustainabilityWeighted""}"
2025-05-25T12:43:00.344Z,RetailerAgent,DemandForecastGenerated,1,forecast,"{""scenario"":""SustainabilityWeighted"",""forecastText"":""To generate a demand forecast for product \""PROD-001\"" for the next 30 days, I will use the 'predict_demand' function. I will provide the required parameters as follows:\n\n```json\n{\n  \""productId\"": \""PROD-001\"",\n  \""predictionHorizonDays\"": 30,\n  \""historicalData\"": [\n    // Example historical data points for product \""PROD-001\""\n    {\n      \""timestamp\"": \""2025-04-25T00:00:00\"",\n      \""quantity\"": 120,\n      \""productId\"": \""PROD-001\""\n    },\n    {\n      \""timestamp\"": \""2025-05-01T00:00:00\"",\n      \""quantity\"": 150,\n      \""productId\"": \""PROD-001\""\n    },\n    // Add more historical data points as needed\n  ],\n  \""futureContextualFactors\"": [\n    // Example contextual factors for each day in the prediction horizon\n    {\n      \""promotionActive\"": false,\n      \""discountPercentage\"": 0,\n      \""seasonalPeak\"": false,\n      \""holiday\"": false,\n      \""avgTemperature\"": 20,\n      \""totalPrecipitation\"": 10,\n      \""totalRain\"": 5,\n      \""totalSnowfall\"": 0,\n      \""avgRelativeHumidity\"": 60,\n      \""dominantWeatherCode\"": 300\n    },\n    // Add more contextual factors as needed\n  ]\n}\n```\n\nAfter running the 'predict_demand' function, I will return the predicted demand for product \""PROD-001\"" for the next 30 days.""}"
2025-05-25T12:43:15.126Z,PROD-001,RetailerOrder_PlacedQuantity,40,units,"{""distributorId"":""DIST-A"",""orderId"":""RPO-PROD-001-1748176995126"",""unitCost"":215.79}"
2025-05-25T12:43:15.138Z,RetailerAgent,RetailerPurchaseOrderCreated,1,orderId,"{""scenario"":""SustainabilityWeighted"",""orderId"":""RPO-PROD-001-1748176995126"",""details"":{""retailerPurchaseOrderId"":""RPO-PROD-001-1748176995126"",""distributorId"":""DIST-A"",""items"":[{""productId"":""PROD-001"",""quantityOrdered"":40,""expectedUnitPrice"":215.79}],""orderDate"":""2025-05-25T12:43:15.126Z"",""requestedDeliveryDate"":""2025-05-27T12:43:15.126Z"",""status"":""SUBMITTED_TO_DISTRIBUTOR"",""totalOrderValue"":8631.6,""internalNotes"":""Order based on reorder point. Best offer score: 0.7198"",""lastUpdated"":""2025-05-25T12:43:15.126Z"",""selectedDistributorOfferId"":""MOCKOFFER-DIST-A-PROD-001-1748176995123"",""selectionCriteriaUsed"":{""cost"":0.1,""leadTime"":0.1,""reliability"":0.1,""emissions"":0.3,""wasteGenerated"":0.2,""recycledContent"":0.1,""ethicalSourcing"":0.1,""supplierRiskScore"":0,""jitSupport"":0,""innovationPotential"":0,""flexibility"":0,""complianceSocial"":0,""complianceEnvironmental"":0,""profitMarginPriority"":0,""inventoryTurnoverPriority"":0,""sustainableProductPushPriority"":0,""customerRelationshipPriority"":0,""marketSharePriority"":0},""selectionNotes"":""Selected: DIST-A (Price: 215.79, Lead: 2, Freshness: 0.65)""}}"
2025-05-25T12:43:21.743Z,DistributorAgent,DistributorSalesOrderCreated,1,orderId,"{""scenario"":""SustainabilityWeighted"",""orderId"":""SO-RET-1748176997838"",""details"":{""salesOrderId"":""SO-RET-1748176997838"",""customerId"":""RetailerAgent"",""items"":[{""productId"":""PROD-001"",""quantityOrdered"":40,""quantityAllocated"":40,""unitPrice"":215.79,""fulfilmentStatus"":""ALLOCATED""}],""orderDate"":""2025-05-25T12:43:17.838Z"",""requestedDeliveryDate"":""2025-05-27T12:43:15.126Z"",""status"":""ALLOCATED"",""totalAmount"":8631.6,""notes"":""Allocation notes:\n- Product PROD-001: 40 units ALLOCATED.""}}"
2025-05-25T12:43:23.666Z,SustainabilityWeightedManufacturer,Inventory_Component_Consumption,40,units,"{""componentId"":""COMP-002"",""productionOrderId"":""MPO-PROD-001-Q40-1748177003665"",""productId"":""PROD-001"",""isJITScenario"":true,""allocationTimestamp"":""2025-05-25T12:43:23.666Z""}"
2025-05-25T12:43:23.666Z,SustainabilityWeightedManufacturer,Production_Event_OrderCreated,1,orderId,"{""productionOrderId"":""MPO-PROD-001-Q40-1748177003665"",""productId"":""PROD-001"",""quantityToProduce"":40,""status"":""ON_HOLD"",""priority"":""MEDIUM"",""creationDate"":""2025-05-25T12:43:23.666Z"",""componentsAllocatedStatus"":false,""isJITScenario"":true}"
2025-05-25T12:43:23.674Z,SustainabilityWeightedManufacturer,ProductionOrderCreated,1,orderId,"{""scenario"":""SustainabilityWeighted"",""orderId"":""MPO-PROD-001-Q40-1748177003665"",""details"":{""productionOrderId"":""MPO-PROD-001-Q40-1748177003665"",""productId"":""PROD-001"",""quantityToProduce"":40,""status"":""ON_HOLD"",""creationDate"":""2025-05-25T12:43:23.666Z"",""scheduledStartDate"":""2025-05-27T12:43:15.126Z"",""componentsAllocated"":false,""priority"":""MEDIUM"",""notes"":""Production order created. Bill of Materials (BOM) for PROD-001 (VoltaCharger X1000):\n- COMP-001: 160 units REQUIRED. Stock: 50 available / 50 on hand. Shortfall: 110. Needs procurement. (Critical)\n- COMP-002: 40 units ALLOCATED from inventory. Stock: 60 left unallocated.\n- COMP-003: 40 units REQUIRED. Stock: 10 available / 10 on hand. Shortfall: 30. Needs procurement. (Critical)\nOrder ON_HOLD pending procurement of critical components."",""lastUpdated"":""2025-05-25T12:43:23.666Z""}}"
2025-05-25T12:43:26.003Z,SustainabilityWeightedManufacturer,JIT_Procurement_SupplierSelected_Initial,1,count,"{""componentId"":""COMP-001"",""quantityRequired"":160,""supplierId"":""SUPPLIER-A"",""offerId"":""OFFER-MA-001-A"",""score"":0.792987012987013}"
2025-05-25T12:43:26.004Z,SustainabilityWeightedManufacturer,JIT_Disruption_Unknown,1,count,"{""componentId"":""COMP-001"",""quantityRequired"":160,""supplierId"":""SUPPLIER-A"",""offerId"":""OFFER-MA-001-A"",""reasonDetails"":""Supplier lead time (7 days) exceeds max acceptable JIT lead time (5 days).""}"
2025-05-25T12:43:26.010Z,SustainabilityWeightedManufacturer,JIT_Procurement_FallbackToNonJIT_Successful,1,count,"{""componentId"":""COMP-001"",""quantityRequired"":160,""fallbackSupplierId"":""SUPPLIER-A"",""fallbackOfferId"":""OFFER-MA-001-A""}"
2025-05-25T12:43:26.014Z,SustainabilityWeightedManufacturer,ComponentProcurementRequested,1,requestId,"{""scenario"":""SustainabilityWeighted"",""requestId"":""CR-COMP-001-1748177006010"",""details"":{""componentId"":""COMP-001"",""quantityRequired"":160,""unitOfMeasure"":""units"",""requiredByDate"":""2025-06-01T12:43:23.676Z"",""priority"":""MEDIUM"",""productionOrderId"":""MPO-PROD-001-Q40-1748177003665"",""componentRequestId"":""CR-COMP-001-1748177006010"",""requestDate"":""2025-05-25T12:43:26.010Z"",""status"":""SUPPLIER_SELECTED"",""supplierId"":""SUPPLIER-A"",""selectedOfferId"":""OFFER-MA-001-A"",""estimatedDeliveryDate"":""2025-06-01T12:43:26.010Z"",""notes"":""Supplier SUPPLIER-A (Offer: OFFER-MA-001-A) selected. Score: 0.7930. Priority: MEDIUM. JIT Disruption: Supplier lead time (7 days) exceeds max acceptable JIT lead time (5 days).. Attempting fallback. Fallback successful: Selected SUPPLIER-A (Offer: OFFER-MA-001-A) for non-JIT procurement."",""lastUpdated"":""2025-05-25T12:43:26.010Z""}}"
2025-05-25T12:43:27.867Z,SustainabilityWeightedManufacturer,JIT_Procurement_SupplierSelected_Initial,1,count,"{""componentId"":""COMP-003"",""quantityRequired"":40,""supplierId"":""SUPPLIER-A"",""offerId"":""OFFER-MA-003-A"",""score"":0.8285714285714286}"
2025-05-25T12:43:27.867Z,SustainabilityWeightedManufacturer,JIT_Procurement_ComponentReceived_Feasible,40,units,"{""componentId"":""COMP-003"",""supplierId"":""SUPPLIER-A"",""offerId"":""OFFER-MA-003-A"",""unitPrice"":22,""currency"":""USD"",""actualLeadTimeDays"":4}"
2025-05-25T12:43:27.867Z,SustainabilityWeightedManufacturer,Inventory_ComponentValue_Update_JIT,880,USD,"{""componentId"":""COMP-003"",""quantityChange"":40,""unitPrice"":22,""changeType"":""ACQUISITION_JIT"",""supplierId"":""SUPPLIER-A""}"
2025-05-25T12:43:27.878Z,SustainabilityWeightedManufacturer,ComponentProcurementRequested,1,requestId,"{""scenario"":""SustainabilityWeighted"",""requestId"":""CR-COMP-003-1748177007867"",""details"":{""componentId"":""COMP-003"",""quantityRequired"":40,""unitOfMeasure"":""units"",""requiredByDate"":""2025-06-01T12:43:26.014Z"",""priority"":""MEDIUM"",""productionOrderId"":""MPO-PROD-001-Q40-1748177003665"",""componentRequestId"":""CR-COMP-003-1748177007867"",""requestDate"":""2025-05-25T12:43:27.867Z"",""status"":""COMPONENT_AVAILABLE_JIT"",""supplierId"":""SUPPLIER-A"",""selectedOfferId"":""OFFER-MA-003-A"",""estimatedDeliveryDate"":""2025-05-29T12:43:27.867Z"",""notes"":""Supplier SUPPLIER-A (Offer: OFFER-MA-003-A) selected. Score: 0.8286. Priority: MEDIUM. JIT feasibility confirmed for SUPPLIER-A."",""lastUpdated"":""2025-05-25T12:43:27.867Z""}}"
2025-05-25T12:43:27.881Z,SustainabilityWeightedLogisticsAgent,ShipmentCreatedForLogistics,1,shipmentId,"{""scenario"":""SustainabilityWeighted"",""shipmentId"":""SHIP-CR-COMP-001-1748177006010-1748177007881"",""componentRequestId"":""CR-COMP-001-1748177006010""}"
2025-05-25T12:43:38.562Z,SustainabilityWeightedLogisticsAgent,RoutePlanned,1,routeId,"{""scenario"":""SustainabilityWeighted"",""routeId"":""ROUTE-1748177011597"",""shipmentId"":""SHIP-CR-COMP-001-1748177006010-1748177007881""}"
2025-05-25T12:43:42.193Z,SustainabilityWeightedCarbonAuditor,ShipmentCarbonEmissionAudited,5.2,kgCO2eq,"{""scenario"":""SustainabilityWeighted"",""shipmentId"":""SHIP-CR-COMP-001-1748177006010-1748177007881"",""routeId"":""ROUTE-1748177011597"",""estimateId"":""739c7c5e-9020-441b-b43e-7b4a9d0101ef""}"
2025-05-25T12:43:42.194Z,SustainabilityWeightedLogisticsAgent,ShipmentCreatedForLogistics,1,shipmentId,"{""scenario"":""SustainabilityWeighted"",""shipmentId"":""SHIP-CR-COMP-003-1748177007867-1748177022194"",""componentRequestId"":""CR-COMP-003-1748177007867""}"
2025-05-25T12:43:49.479Z,SustainabilityWeightedLogisticsAgent,RoutePlanned,1,routeId,"{""scenario"":""SustainabilityWeighted"",""routeId"":""ROUTE-1748177024417"",""shipmentId"":""SHIP-CR-COMP-003-1748177007867-1748177022194""}"
2025-05-25T12:43:51.780Z,SustainabilityWeightedCarbonAuditor,ShipmentCarbonEmissionAudited,1.18,kgCO2eq,"{""scenario"":""SustainabilityWeighted"",""shipmentId"":""SHIP-CR-COMP-003-1748177007867-1748177022194"",""routeId"":""ROUTE-1748177024417"",""estimateId"":""fb964eb9-ba0c-46c2-8ef1-d4ec4e6c07dd""}"
2025-05-25T12:43:51.784Z,SustainabilityWeightedManufacturer,ProductionOrdersPendingComponents,1,count,"{""scenario"":""SustainabilityWeighted""}"